<?xml version="1.0" encoding="UTF-8"?>
<GenRun Id="impl_1" LaunchPart="xc7a35tcpg236-1" LaunchTime="1731606852">
  <File Type="ROUTE-PWR" Name="system_1_power_routed.rpt"/>
  <File Type="PA-TCL" Name="system_1.tcl"/>
  <File Type="ROUTE-PWR-SUM" Name="system_1_power_summary_routed.pb"/>
  <File Type="REPORTS-TCL" Name="system_1_reports.tcl"/>
  <File Type="OPT-RQA-PB" Name="system_1_rqa_opted.pb"/>
  <File Type="BITSTR-MMI" Name="system_1.mmi"/>
  <File Type="OPT-METHODOLOGY-DRC" Name="system_1_methodology_drc_opted.rpt"/>
  <File Type="INIT-TIMING" Name="system_1_timing_summary_init.rpt"/>
  <File Type="OPT-TIMING" Name="system_1_timing_summary_opted.rpt"/>
  <File Type="OPT-DCP" Name="system_1_opt.dcp"/>
  <File Type="OPT-DRC" Name="system_1_drc_opted.rpt"/>
  <File Type="OPT-HWDEF" Name="system_1.hwdef"/>
  <File Type="PWROPT-DCP" Name="system_1_pwropt.dcp"/>
  <File Type="PWROPT-DRC" Name="system_1_drc_pwropted.rpt"/>
  <File Type="PWROPT-TIMING" Name="system_1_timing_summary_pwropted.rpt"/>
  <File Type="PLACE-DCP" Name="system_1_placed.dcp"/>
  <File Type="PLACE-IO" Name="system_1_io_placed.rpt"/>
  <File Type="PLACE-CLK" Name="system_1_clock_utilization_placed.rpt"/>
  <File Type="PLACE-UTIL" Name="system_1_utilization_placed.rpt"/>
  <File Type="PLACE-UTIL-PB" Name="system_1_utilization_placed.pb"/>
  <File Type="PLACE-CTRL" Name="system_1_control_sets_placed.rpt"/>
  <File Type="PLACE-SIMILARITY" Name="system_1_incremental_reuse_placed.rpt"/>
  <File Type="PLACE-PRE-SIMILARITY" Name="system_1_incremental_reuse_pre_placed.rpt"/>
  <File Type="BG-BIN" Name="system_1.bin"/>
  <File Type="PLACE-TIMING" Name="system_1_timing_summary_placed.rpt"/>
  <File Type="ROUTE-PWR-RPX" Name="system_1_power_routed.rpx"/>
  <File Type="PLACE-RQA-PB" Name="system_1_rqa_placed.pb"/>
  <File Type="POSTPLACE-PWROPT-DCP" Name="system_1_postplace_pwropt.dcp"/>
  <File Type="BITSTR-MSK" Name="system_1.msk"/>
  <File Type="POSTPLACE-PWROPT-TIMING" Name="system_1_timing_summary_postplace_pwropted.rpt"/>
  <File Type="PHYSOPT-DCP" Name="system_1_physopt.dcp"/>
  <File Type="PHYSOPT-DRC" Name="system_1_drc_physopted.rpt"/>
  <File Type="BITSTR-RBT" Name="system_1.rbt"/>
  <File Type="PHYSOPT-TIMING" Name="system_1_timing_summary_physopted.rpt"/>
  <File Type="ROUTE-ERROR-DCP" Name="system_1_routed_error.dcp"/>
  <File Type="ROUTE-DCP" Name="system_1_routed.dcp"/>
  <File Type="ROUTE-BLACKBOX-DCP" Name="system_1_routed_bb.dcp"/>
  <File Type="ROUTE-DRC" Name="system_1_drc_routed.rpt"/>
  <File Type="ROUTE-DRC-PB" Name="system_1_drc_routed.pb"/>
  <File Type="ROUTE-DRC-RPX" Name="system_1_drc_routed.rpx"/>
  <File Type="ROUTE-METHODOLOGY-DRC" Name="system_1_methodology_drc_routed.rpt"/>
  <File Type="ROUTE-METHODOLOGY-DRC-RPX" Name="system_1_methodology_drc_routed.rpx"/>
  <File Type="ROUTE-METHODOLOGY-DRC-PB" Name="system_1_methodology_drc_routed.pb"/>
  <File Type="ROUTE-RQS-PB" Name="system_1_rqs_routed.pb"/>
  <File Type="ROUTE-STATUS" Name="system_1_route_status.rpt"/>
  <File Type="ROUTE-STATUS-PB" Name="system_1_route_status.pb"/>
  <File Type="ROUTE-TIMINGSUMMARY" Name="system_1_timing_summary_routed.rpt"/>
  <File Type="ROUTE-TIMING-PB" Name="system_1_timing_summary_routed.pb"/>
  <File Type="ROUTE-TIMING-RPX" Name="system_1_timing_summary_routed.rpx"/>
  <File Type="ROUTE-SIMILARITY" Name="system_1_incremental_reuse_routed.rpt"/>
  <File Type="ROUTE-CLK" Name="system_1_clock_utilization_routed.rpt"/>
  <File Type="ROUTE-BUS-SKEW" Name="system_1_bus_skew_routed.rpt"/>
  <File Type="ROUTE-BUS-SKEW-PB" Name="system_1_bus_skew_routed.pb"/>
  <File Type="ROUTE-BUS-SKEW-RPX" Name="system_1_bus_skew_routed.rpx"/>
  <File Type="POSTROUTE-PHYSOPT-DCP" Name="system_1_postroute_physopt.dcp"/>
  <File Type="POSTROUTE-PHYSOPT-BLACKBOX-DCP" Name="system_1_postroute_physopt_bb.dcp"/>
  <File Type="POSTROUTE-PHYSOPT-TIMING" Name="system_1_timing_summary_postroute_physopted.rpt"/>
  <File Type="POSTROUTE-PHYSOPT-TIMING-PB" Name="system_1_timing_summary_postroute_physopted.pb"/>
  <File Type="POSTROUTE-PHYSOPT-TIMING-RPX" Name="system_1_timing_summary_postroute_physopted.rpx"/>
  <File Type="POSTROUTE-PHYSOPT-BUS-SKEW" Name="system_1_bus_skew_postroute_physopted.rpt"/>
  <File Type="BG-BIT" Name="system_1.bit"/>
  <File Type="POSTROUTE-PHYSOPT-BUS-SKEW-PB" Name="system_1_bus_skew_postroute_physopted.pb"/>
  <File Type="POSTROUTE-PHYSOPT-BUS-SKEW-RPX" Name="system_1_bus_skew_postroute_physopted.rpx"/>
  <File Type="BITSTR-NKY" Name="system_1.nky"/>
  <File Type="BITSTR-BMM" Name="system_1_bd.bmm"/>
  <File Type="PDI-FILE" Name="system_1.pdi"/>
  <File Type="BOOT-PDI-FILE" Name="system_1_boot.pdi"/>
  <File Type="PL-PDI-FILE" Name="system_1_pld.pdi"/>
  <File Type="RCFI_FILE" Name="system_1.rcfi"/>
  <File Type="CFI_FILE" Name="system_1.cfi"/>
  <File Type="RNPI_FILE" Name="system_1.rnpi"/>
  <File Type="NPI_FILE" Name="system_1.npi"/>
  <File Type="RBD_FILE" Name="system_1.rbd"/>
  <File Type="BITSTR-LTX" Name="debug_nets.ltx"/>
  <File Type="BITSTR-LTX" Name="system_1.ltx"/>
  <File Type="BITSTR-SYSDEF" Name="system_1.sysdef"/>
  <File Type="BG-BGN" Name="system_1.bgn"/>
  <File Type="BG-DRC" Name="system_1.drc"/>
  <File Type="RDI-RDI" Name="system_1.vdi"/>
  <File Type="WBT-USG" Name="usage_statistics_webtalk.html"/>
  <File Type="ROUTE-RQS" Name="system_1_routed.rqs"/>
  <File Type="POSTROUTE-PHYSOPT-RQS" Name="system_1_postroute_physopted.rqs"/>
  <File Type="ROUTE-RQS-RPT" Name="route_report_qor_suggestions_0.rpt"/>
  <File Type="POSTROUTE-PHYSOPT-RQS-RPT" Name="postroute_physopt_report_qor_suggestions_0.rpt"/>
  <FileSet Name="sources" Type="DesignSrcs" RelSrcDir="$PSRCDIR/sources_1" RelGenDir="$PGENDIR/sources_1">
    <Filter Type="Srcs"/>
    <File Path="$PSRCDIR/sources_1/new/system_1.v">
      <FileInfo>
        <Attr Name="UsedIn" Val="synthesis"/>
        <Attr Name="UsedIn" Val="implementation"/>
        <Attr Name="UsedIn" Val="simulation"/>
      </FileInfo>
    </File>
    <File Path="$PSRCDIR/sources_1/new/system_2.v">
      <FileInfo>
        <Attr Name="AutoDisabled" Val="1"/>
        <Attr Name="UsedIn" Val="synthesis"/>
        <Attr Name="UsedIn" Val="implementation"/>
        <Attr Name="UsedIn" Val="simulation"/>
      </FileInfo>
    </File>
    <File Path="$PSRCDIR/sources_1/new/system_3.v">
      <FileInfo>
        <Attr Name="AutoDisabled" Val="1"/>
        <Attr Name="UsedIn" Val="synthesis"/>
        <Attr Name="UsedIn" Val="implementation"/>
        <Attr Name="UsedIn" Val="simulation"/>
      </FileInfo>
    </File>
    <File Path="$PSRCDIR/sources_1/new/system_5.v">
      <FileInfo>
        <Attr Name="AutoDisabled" Val="1"/>
        <Attr Name="UsedIn" Val="synthesis"/>
        <Attr Name="UsedIn" Val="implementation"/>
        <Attr Name="UsedIn" Val="simulation"/>
      </FileInfo>
    </File>
    <File Path="$PSRCDIR/sources_1/new/system_4.v">
      <FileInfo>
        <Attr Name="AutoDisabled" Val="1"/>
        <Attr Name="UsedIn" Val="synthesis"/>
        <Attr Name="UsedIn" Val="implementation"/>
        <Attr Name="UsedIn" Val="simulation"/>
      </FileInfo>
    </File>
    <Config>
      <Option Name="DesignMode" Val="RTL"/>
      <Option Name="TopModule" Val="system_1"/>
      <Option Name="TopAutoSet" Val="TRUE"/>
    </Config>
  </FileSet>
  <FileSet Name="constrs_in" Type="Constrs" RelSrcDir="$PSRCDIR/constrs_1" RelGenDir="$PGENDIR/constrs_1">
    <Filter Type="Constrs"/>
    <Config>
      <Option Name="ConstrsType" Val="XDC"/>
    </Config>
  </FileSet>
  <FileSet Name="utils" Type="Utils" RelSrcDir="$PSRCDIR/utils_1" RelGenDir="$PGENDIR/utils_1">
    <Filter Type="Utils"/>
    <File Path="$PSRCDIR/utils_1/imports/synth_1/system_1.dcp">
      <FileInfo>
        <Attr Name="UsedIn" Val="synthesis"/>
        <Attr Name="UsedIn" Val="implementation"/>
        <Attr Name="UsedInSteps" Val="synth_1"/>
        <Attr Name="AutoDcp" Val="1"/>
      </FileInfo>
    </File>
    <Config>
      <Option Name="TopAutoSet" Val="TRUE"/>
    </Config>
  </FileSet>
  <Strategy Version="1" Minor="2">
    <StratHandle Name="Vivado Implementation Defaults" Flow="Vivado Implementation 2024"/>
    <Step Id="init_design"/>
    <Step Id="opt_design"/>
    <Step Id="power_opt_design"/>
    <Step Id="place_design"/>
    <Step Id="post_place_power_opt_design"/>
    <Step Id="phys_opt_design"/>
    <Step Id="route_design"/>
    <Step Id="post_route_phys_opt_design"/>
    <Step Id="write_bitstream"/>
  </Strategy>
</GenRun>
